symbol,Alpha,Beta,R Squared,R Squared Adj
00DS30,-5.9521280169340054e-05,0.9381182091831411,0.8572755784578137,0.8571489374449102
00DSEGEN,-0.00024131386599206357,-1.938011383317839e-18,-0.02567372268979007,-0.026459679565414396
00DSES,-5.11041601857366e-05,0.8519318645390329,0.8193527419374658,0.819192451557641
00DSEX,8.893845946170154e-20,1.0000000000000007,1.0,1.0
01.Bank,0.00024407084255530446,1.4871869669721964,0.18941010427098193,0.18795743420695132
02.Cement,0.00020519600327913891,1.0491753813133522,0.025088668666444658,0.02334151574290777
03.Ceramics_Sector,0.006012506681208406,0.269362270548965,0.00035677681205081857,-0.0014346984983220068
04.Engineering,0.00367284123769341,0.5749483720965656,0.002193897789800392,0.0004057148109289921
05.Financial_Institutions,-9.34874657167643e-05,1.357181562510693,0.10254080858301584,0.10093245877760904
06.Food_&_Allied,0.006922563759207491,-0.0844690796797775,1.6141480905451644e-05,-0.0017759442870499687
07.Fuel_&_Power,0.0008908589970220971,0.37997653035450846,0.003170731367786672,0.0013842989867253186
08.Insurance,0.000486500441876529,0.7419272676066818,0.04257448712431722,0.040858670792998764
09.IT_Sector,0.0010293076054423455,1.1975908564436524,0.06118029380151824,0.059497821209764656
10.Jute,0.004446778749835098,0.18572223904233345,0.0002577896251340084,-0.0015338630816310594
11.Miscellaneous,0.05342954916583407,1.8854280880030703,0.000942957327583982,-0.0008474674800726945
12.Mutual_Funds,-5.2536169696604994e-05,0.6579565810517182,0.032273913428013445,0.030539637287203325
13.Paper_&_Printing,0.006172673025002198,0.33103661873163814,0.00030579086648607756,-0.001485775816548962
14.Pharmaceuticals_&_Chemicals,0.001918162995898567,0.6126548958896968,0.005319065257914701,0.0035364829375883478
15.Services_&_Real_Estate,0.003566399428088081,-0.1270384771452377,3.887425821724744e-05,-0.001753170769993817
16.Tannery_Industries,0.016786872752563273,1.8882826785013616,0.002094878349305551,0.00030651791623970137
17.Telecommunication,0.00940018071280185,-0.8987078444124371,0.0011806530412087346,-0.0006093457884666087
18.Textile,0.001196644480439682,0.5392774063512658,0.0033939126830349053,0.0016078802684883486
19.Travel_&_Leisure,0.001933824247643191,0.5998039346182105,0.003177410188103136,0.001390989776253737
1JANATAMF,-0.0002379411431851654,0.7722655293911102,0.06687745980959048,0.06616242338032574
1STBSRS,-0.00024131386599206357,-1.938011383317839e-18,-0.02567372268979007,-0.026459679565414396
1STICB,0.00023382021967102096,0.12268027693961485,0.0056118690481823386,0.004849885806073595
1STPRIMFMF,0.0001402807012002418,1.2216216569460365,0.09974376680494113,0.09905391528525143
20.Bond,-0.00016172302231111607,-0.013554120740289674,3.4358414603086196e-05,-0.001757694706517876
2NDICB,-5.050894096127495e-05,0.14629636039758961,0.00640552530068994,0.005644150224291988
3RDICB,0.00021954983574235405,0.09778603224044866,0.0025711944485554694,0.0018068811875964208
4THICB,-8.230970796677551e-05,0.06291530890819484,0.0012946805321977228,0.0005293890996552753
5THICB,-4.273612718404757e-05,0.08092086811160966,0.0025385253081519066,0.0017741870133688442
6THICB,-0.0002687648016202509,0.19398426415450165,0.01852638572628429,0.017774298665538146
7THICB,0.00013354924966872236,0.23603423516312155,0.007304581074583649,0.00654389492981311
8THICB,-0.00020552476795261858,0.19200446666951873,0.007842424210062648,0.007082150205625859
AAMRANET,-0.001366222959574856,1.2616353609068325,0.11554110069856893,0.11360574205677154
AAMRATECH,-0.00016975449805808356,1.077186880877377,0.11582627154230618,0.1151487437810359
ABB1STMF,-0.00037854198377790894,0.8334533134850964,0.08013846956319526,0.07943359482722834
ABBANK,-0.0005780193127988387,1.5630000185595005,0.2415033201438035,0.24092209663433506
ACFL,-0.0026382380194606586,1.4568816311852268,0.09647478335069626,0.09283153650936837
ACI,0.00039905455118558424,0.6667708829396021,0.04516024120707951,0.04442856323099298
ACIFORMULA,0.0005201635540923563,0.680640479288939,0.041774640652784245,0.04104036834677105
ACIZCBOND,-1.632626914298492e-05,0.028240716168738307,0.0007306004909942709,-3.512318679055326e-05
ACMELAB,-0.0007024462104844449,0.5610579162819689,0.07420916457039162,0.07301613514329164
ACTIVEFINE,-0.0008214245657758401,1.1259643490789313,0.1354153160346354,0.13475279903542814
ADVENT,-0.0005037513335986716,0.6522451889303988,0.018550340921321684,0.015511797085164702
AFCAGRO,-0.00036719014733727854,1.210858266402836,0.13660623016302365,0.13594462574169264
AFTABAUTO,-0.00064132337283902,1.2993339909571864,0.23099876299190591,0.23040949001335564
AGNISYSL,0.00011863559607979383,1.4508750193757878,0.17285618616296206,0.1722223594856922
AGRANINS,0.00023577904995717236,1.1389695038774288,0.07246800359310512,0.07175725110543696
AIBL1STIMF,1.0754053681880378e-07,0.5453470246734394,0.02452500868211316,0.023777518267310116
AIL,-0.0011922768068418097,1.5012742312536578,0.11384611130460287,0.11160268373828541
AIMS1STMF,-0.0005614596667038605,0.3866343600258347,0.025053154956417578,0.02430606925140333
AL-HAJTEX,-0.00012048321732063228,1.0743420358334617,0.06162773549148859,0.060908676284968655
ALAMINCHEM,-0.00024131386599206357,-1.938011383317839e-18,-0.02567372268979007,-0.026459679565414396
ALARABANK,0.00020087959613474777,1.0985865191148996,0.1833742209165803,0.18274845403605655
ALIF,-0.0014293783059196852,1.724423628651198,0.21029786946246287,0.2083334363019217
ALLTEX,0.0009380859830464305,1.1188657265582105,0.032162306118731276,0.031420668039128685
ALPHATOBA,-0.00024131386599206357,-1.938011383317839e-18,-0.02567372268979007,-0.026459679565414396
AMAMSEAFD,-0.00024131386599206357,-1.938011383317839e-18,-0.02567372268979007,-0.026459679565414396
AMANFEED,-0.0006854955570181681,1.020350648283588,0.06667720377102437,0.0657110311041208
AMBEEPHA,0.0006648591526842604,0.5120849938732979,0.01682357899155329,0.016070187098060185
AMCL(PRAN),-8.6971525621265e-05,0.5817671246723595,0.054592177243503515,0.053867726804609606
ANLIMAYARN,0.0003997936213954974,0.9078647778264388,0.05682376899382602,0.05610102858692467
ANWARGALV,0.0009001792530236778,0.559742483852525,0.020394487453581633,0.0196438318884119
APEXADELFT,-0.00024131386599206357,-1.938011383317839e-18,-0.02567372268979007,-0.026459679565414396
APEXFOODS,0.0003948932349548316,0.6960467506432134,0.03162337207401822,0.030881321018136232
APEXFOOT,-0.000421293225052476,0.6093124979778762,0.061588678709578626,0.06086958957449018
APEXSPINN,0.0003156076580815065,0.5148205342727342,0.019977619018032078,0.01922664401344809
APEXTANRY,-0.00010499102469475374,0.8605025111304475,0.0716810481367075,0.07096969261803832
APEXWEAV,-0.00024131386599206357,-1.938011383317839e-18,-0.02567372268979007,-0.026459679565414396
APOLOISPAT,-0.0009665085597308474,1.5289432102755847,0.19521365031650317,0.19459695579567282
ARAMIT,9.608907407299864e-05,0.6180898786035425,0.029817162133495945,0.029073727008693928
ARAMITCEM,-0.0007741472127065634,0.3695410349561455,0.010253044433995884,0.00949461764812154
ARAMITCEM ,-0.00015410991054153706,1.1711770571087268,0.07752485509773233,0.07670994772591055
ARGONDENIM,-0.0006273833714437394,1.0955035477731314,0.12165305026442508,0.12097998746769278
ASHRAFTEX,-0.00024131386599206357,-1.938011383317839e-18,-0.02567372268979007,-0.026459679565414396
ASIAINS,0.000125197545902054,1.2372009378681363,0.10106566438555875,0.1003768258142066
ASIAPACINS,0.00012295983869362726,1.1098614843109356,0.07541336080215866,0.07470486529319476
ATCSLGF,0.00015769072820449482,0.6056658250498917,0.03905327019271598,0.03815266407293394
ATLASBANG,-0.00021734110394781232,0.8569948734237004,0.06328316734995587,0.06256537667359563
AZIZPIPES,0.0020225940279787634,0.18784559500518658,0.0007982525282305142,3.258069108735828e-05
AZIZPIPES ,0.0021958863939748486,0.5418107314426738,0.012450470814235115,0.011578077237215934
BANGAS,-9.782684489029258e-05,0.798446029803517,0.041227085309602174,0.04049239342095046
BANGLAPRO,-0.00024131386599206357,-1.938011383317839e-18,-0.02567372268979007,-0.026459679565414396
BANKASIA,9.609759702289594e-05,1.1348451022641581,0.16568658553210192,0.1650472649079885
BARKAPOWER,-0.00012623066378473393,0.9103800695579762,0.10573307270339372,0.10489101344981888
BATASHOE,-5.75156047167785e-05,0.3525701914054388,0.036999099263963275,0.03626116753926123
BATBC,-0.0003277091758074894,0.3843610149905214,0.013190356585493612,0.012434180613528412
BAYLEASING,-0.00039848359998558453,1.6581212722954068,0.2200125901746769,0.219414898672895
BBS,-0.000364798563555919,1.159350638831133,0.13443582876001436,0.13370477793971036
BBSCABLES,0.000889513687100798,1.3241603111813018,0.09134264845123996,0.0895180352955195
BCIL,-0.00024131386599206357,-1.938011383317839e-18,-0.02567372268979007,-0.026459679565414396
BDAUTOCA,0.0020887300169817485,1.0729120815899433,0.0376982721487652,0.0369608761887259
BDBUILDING,-0.000285549212094007,0.10300571535961218,0.008408734520935712,0.007648894470760115
BDCOM,5.9109618986101205e-05,0.9507463520097865,0.07916036796117176,0.07845474372206152
BDDYE,-0.00024131386599206357,-1.938011383317839e-18,-0.02567372268979007,-0.026459679565414396
BDFINANCE,7.981412446330215e-05,1.7543719331417529,0.18808615771982184,0.1874640015188408
BDHOTELS,-0.00024131386599206357,-1.938011383317839e-18,-0.02567372268979007,-0.026459679565414396
BDLAMPS,0.00034248569910937083,0.6899646922621216,0.04082533521766607,0.040090335474537775
BDLUGGAGE,-0.00024131386599206357,-1.938011383317839e-18,-0.02567372268979007,-0.026459679565414396
BDONLINE,-0.00024131386599206357,-1.938011383317839e-18,-0.02567372268979007,-0.026459679565414396
BDPLANT,-0.00024131386599206357,-1.938011383317839e-18,-0.02567372268979007,-0.026459679565414396
BDSERVICE,-0.0005548259818105634,-0.004003235873133274,5.720132983055848e-06,-0.0007605590086774416
BDTHAI,-0.0002432426824477659,1.367541787198196,0.11974226636331042,0.11906773936435511
BDWELDING,0.0003676107639940162,1.194339796344956,0.058647603238770385,0.05792626040600313
BDZIPPER,-0.00024131386599206357,-1.938011383317839e-18,-0.02567372268979007,-0.026459679565414396
BEACHHATCH,-0.00010793437459294843,1.2400738450987314,0.06145911536244686,0.0607399269451
BEACONPHAR,0.0005184437808526326,0.7993189022241964,0.07144493775588534,0.07073340130972117
BEDL,-0.0001349027054121398,0.27262432977162265,0.04021049247195996,0.0394750215849653
BEMCO,-0.00024131386599206357,-1.938011383317839e-18,-0.02567372268979007,-0.026459679565414396
BENGALBISC,-0.00024131386599206357,-1.938011383317839e-18,-0.02567372268979007,-0.026459679565414396
BENGALFINE,-0.00024131386599206357,-1.938011383317839e-18,-0.02567372268979007,-0.026459679565414396
BENGALWTL,-0.000387807473681545,1.2251641523069214,0.12461884874553164,0.12394805859131364
BERGERPBL,0.0005089100955409599,0.22866471289969872,0.004093429527972869,0.0033302827306762595
BEXIMCO,-5.058369229286829e-05,1.7770511062543044,0.26741771171923234,0.2668563459810861
BEXTEX,-0.00024131386599206357,-1.938011383317839e-18,-0.02567372268979007,-0.026459679565414396
BGIC,5.090577844117349e-05,1.1613507538644112,0.12391333281118067,0.12324200203172564
BIFC,-0.0008240636299489669,1.2096747783841728,0.07169824298834515,0.07098690064580748
BIONICFOOD,-0.00024131386599206357,-1.938011383317839e-18,-0.02567372268979007,-0.026459679565414396
BLTC,-0.00024131386599206357,-1.938011383317839e-18,-0.02567372268979007,-0.026459679565414396
BNICL,0.00028172111504733393,1.362463108430174,0.10240237175401812,0.10129010703500196
BOC,-0.00024131386599206357,-1.938011383317839e-18,-0.02567372268979007,-0.026459679565414396
BPML,-0.001969176367942829,1.300970389205295,0.08536977613912722,0.08201948227883105
BRACBANK,0.0007426525891947005,0.9924948766372798,0.12073354769528599,0.12005978029888387
BRACSCBOND,-0.00018094380135459683,0.011522700209006791,4.151428485021924e-05,-0.0007247374283414487
BSC,-0.0007548765588698498,0.8163666458904669,0.028923680986451816,0.02817956120176701
BSCCL,-0.0003003992631467253,1.1284735999260616,0.10961047710311944,0.10892818628097622
BSRMLTD,-3.436008365555341e-05,1.1681762568308056,0.08116958919046258,0.08029367840799406
BSRMSTEEL,-7.07384981372295e-05,1.1440485823856652,0.17318301295470317,0.17254943671941936
BXFISHERY,-0.00024131386599206357,-1.938011383317839e-18,-0.02567372268979007,-0.026459679565414396
BXPHARMA,0.00046100765876521836,1.2080076753672797,0.21912715248885417,0.21852878249076135
BXSYNTH,-0.0005393317298068444,1.4911627306737147,0.11659533728598392,0.11591839884712252
CAPMBDBLMF,-0.00045852519613682536,0.673431896278895,0.0312793921019332,0.029749027792457583
CAPMIBBLMF,0.0003586920025033178,0.5440054843172768,0.014248313283098613,0.011431879892478847
CENTRALINS,0.00010956146116590455,0.7898472177837366,0.0386822346555189,0.03794559268973763
CENTRALPHL,-0.0007526722450100909,1.6097767766895048,0.16156235757385673,0.16091987662180596
CHICTEX,-0.00024131386599206357,-1.938011383317839e-18,-0.02567372268979007,-0.026459679565414396
CITYBANK,0.00039404902524687143,1.502955679333982,0.25985409550311767,0.2592869338904763
CITYGENINS,6.113192379941955e-05,1.3813341005434692,0.1433185785768788,0.14266211771755066
CMCKAMAL,0.0001130681307448846,0.7960448692818471,0.06440256569190872,0.06368563279205575
CNATEX,-0.001445780732731871,1.3498136261373381,0.10100305659858055,0.10019605754705319
CONFIDCEM,0.00013875272552970702,1.0255760273346415,0.11391032437317905,0.11323132845315842
CONTININS,0.0001644118415372107,1.31066414094527,0.11843254952823545,0.11775701891484713
COPPERTECH,-0.01939144017966534,3.9893783404911884,0.2815110362786253,0.21619385775850042
CTGVEG,-0.00024131386599206357,-1.938011383317839e-18,-0.02567372268979007,-0.026459679565414396
CVOPRL,-0.0012175267637277846,0.9353555628776936,0.065781491296514,0.06506561504463393
DACCADYE,-0.0009556774001129605,1.179730065230191,0.07417131191671245,0.07346186464615045
DAFODILCOM,0.001262012629599989,0.9171850720723523,0.060063227944134656,0.059342969881256535
DANDYDYE,-0.00024131386599206357,-1.938011383317839e-18,-0.02567372268979007,-0.026459679565414396
DBH,0.0004799528815172977,0.5209577356323555,0.03875503035287686,0.03801844416923916
DBH1STMF,0.00019151253402966786,0.520759032240883,0.03824919285458084,0.03751221905600188
DELTALIFE,-0.0005699941474379217,1.041750740033268,0.11632992183074109,0.11565278000838908
DELTASPINN,-0.001208181781195511,1.4757441598009682,0.13486870111556648,0.13420576525435235
DESCO,-0.00030096684027149545,0.8433521155331061,0.11078214657727137,0.1101007535861428
DESHBANDHU,-5.3984663299117234e-05,1.3841786451288842,0.126962852202266,0.1262938582192792
DHAKABANK,-0.00019124164018864936,1.3458810278553541,0.22231769688558878,0.22172177174910257
DHAKAFISH,-0.00024131386599206357,-1.938011383317839e-18,-0.02567372268979007,-0.026459679565414396
DHAKAINS,0.0001856381533388154,1.2728200659705342,0.11678037579154266,0.11610357914463953
DOREENPWR,5.147583435321587e-05,0.8457799441428379,0.04469814068695788,0.04352886056539962
DS30,-1.0855458063357051e-05,0.9675443385853544,0.8428114762270675,0.8426910252509963
DSES,3.141981206490217e-05,0.8791925542968994,0.8078124683124598,0.8076651981732357
DSHGARME,0.00047813224445854936,0.693913088286625,0.02867138746987896,0.027927074356829062
DSSL,0.00027014468495891635,1.362074570256032,0.07106263385906153,0.06993937223132163
DULAMIACOT,0.0020354005065758977,0.4640518461587141,0.005762156245488703,0.005000288165983302
DUTCHBANGL,-2.630242582987732e-05,0.9651642288391814,0.07033164963538108,0.06961926009487174
DYNAMICTEX,-0.00024131386599206357,-1.938011383317839e-18,-0.02567372268979007,-0.026459679565414396
EAGLESTAR,-0.00024131386599206357,-1.938011383317839e-18,-0.02567372268979007,-0.026459679565414396
EASTERNINS,0.00022111283945146353,0.9420286253142722,0.05894824113962194,0.05822712868072499
EASTLAND,-0.0005223196675918625,0.4048137246742205,0.028908000314793014,0.028163868514267887
EASTLAND ,-0.00031756526263264015,0.9627766008446638,0.09568721105099709,0.094888348163233
EASTRNLUB,0.000761267578208596,0.29510192248916667,0.004864371510236665,0.004101815473079751
EBL,0.00023673652627794378,1.0185361704770475,0.15178178994767721,0.15113181430779032
EBL1STMF,-6.921297820807262e-05,0.7481097028183847,0.050035734354112016,0.04930779238809979
EBLNRBMF,-0.00021307424160791892,0.6654710490970019,0.0340867764750834,0.033346613085409094
ECABLES,0.0006840096964065639,0.749071604801622,0.03264499764772233,0.03190372944668607
EHL,3.701884126900243e-05,1.0717020357381242,0.12860969231290154,0.12794196027635962
EMERALDOIL,-0.0007022057028001759,1.1847943932714593,0.06157254624426123,0.06085344474713039
ENVOYTEX,-0.0003889361556134193,0.7157294534334153,0.08282080916001555,0.08211798985668983
ESQUIRENIT,-0.0014798433718385012,1.0572486611404184,0.1177823216141981,0.10752397651668877
ETL,-0.0006046619753443024,1.2476406621476037,0.08330153514761052,0.08208252123158344
EXCELSHOE,-0.00024131386599206357,-1.938011383317839e-18,-0.02567372268979007,-0.026459679565414396
EXIM1STMF,-0.00013862683212331918,0.5503332333115665,0.0177672077015828,0.017014538895223863
EXIMBANK,-5.739580984698323e-05,1.3021272402082453,0.24985310022174934,0.24927827501119126
FAMILYTEX,-0.0018956167524361426,1.4173017650576238,0.1231876600550772,0.12251577320454465
FARCHEM,-0.0009683102232438682,1.5848970871286607,0.15507055635792688,0.1543886116899349
FAREASTFIN,-0.0006424079713123695,1.5004227764676537,0.12554622494645828,0.12487614542534442
FAREASTLIF,-0.00038788662172337655,0.8466656084945108,0.08926523793384378,0.08856735689011486
FASFIN,-0.0002264347318937496,1.6768699373563691,0.17392023214979613,0.17328722083343573
FBFIF,-0.0004707905135965655,0.6256960724306854,0.0259539025254224,0.025207507048430333
FEDERALINS,-0.00040661270061834875,1.3043687503039485,0.12873751413367474,0.12806988004488828
FEKDIL,-0.000694974199058671,1.3372555583726726,0.12981122846039894,0.1290908735170715
FIDELASSET,-0.00024131386599206357,-1.938011383317839e-18,-0.02567372268979007,-0.026459679565414396
FINEFOODS,0.0009140789517596336,0.7389635132946111,0.0244338384970757,0.023686278220061863
FIRSTFIN,-0.0005291275104844963,1.2666292571576176,0.08682129281388695,0.08596384801840706
FIRSTSBANK,-8.082918344219657e-05,1.350323364332577,0.23955425361441196,0.23897153656737313
FLEASEINT,-0.0005989998208228291,0.34448674119860545,0.04529264444490477,0.04456106792723802
FORTUNE,-0.00043621805547077645,1.0695872573543872,0.07094278244553154,0.06959827127685647
FUWANGCER,-0.0002107302100266826,1.3413519272127303,0.13548347312315534,0.13482100835160216
FUWANGCER ,-0.00025792660754981553,0.00033253780471242727,2.399749153059183e-06,-0.0008809903570756727
FUWANGFOOD,-9.141238760524026e-05,1.2683742968222451,0.1226157136870677,0.12194338856345621
GACHIHATA,-0.00024131386599206357,-1.938011383317839e-18,-0.02567372268979007,-0.026459679565414396
GBBPOWER,-0.00030591431677461366,1.4409496677412688,0.18830261606431475,0.187680625731797
GBJVFOOD,-0.00024131386599206357,-1.938011383317839e-18,-0.02567372268979007,-0.026459679565414396
GEMINISEA,0.0009357351421740719,0.3342771399216879,0.0029078819475937268,0.002143826684718242
GENEXIL,0.003113831710274044,1.558085224619333,0.10452207398114377,0.09741510631432748
GENNEXT,-0.001004738122999547,1.414788067661253,0.17867977894476839,0.17805041479070305
GHAIL,3.358578381524145e-05,1.3586389566851533,0.13006450701874617,0.12939788978274513
GHCL,-0.00010652646620968863,0.9777169821831265,0.09828678441851701,0.09759581643722848
GLAXOSMITH,0.000151335009038057,0.3183478993884718,0.020866038775444573,0.020115744552283932
GLOBALINS,0.0002719831657513611,1.4252913366692963,0.10346830025873532,0.10278130278766917
GOLDENSON,-0.0012566015171097409,1.4586380609015082,0.1662125231110294,0.16557360550421785
GP,0.00021423785278514904,0.7036486544407476,0.13558049222210533,0.13491810179468933
GPHISPAT,-5.8933363983354334e-05,1.1134161721024773,0.10417736146430834,0.1034909073351622
GQBALLPEN,-0.00039533995823422355,1.0080532118748124,0.08296828583310634,0.08226557953872549
GRAMEEN1,-0.0006564298611126074,0.4059295595691171,0.034570442928550826,0.03383065016451137
GRAMEENS2,-0.0002045644946396527,0.8496235208838191,0.1274988075212915,0.12683022423203572
GREENDELMF,0.00019971938045281802,0.5607927863586073,0.0460799305554811,0.04534895732219024
GREENDELT,-0.00020391328196974487,0.7033370443749857,0.05520204065697443,0.0544780575463667
GSPFINANCE,-1.5090359046741695e-05,1.7009614710687317,0.18079492296766908,0.18016717961362128
GULFOODS,-0.00024131386599206357,-1.938011383317839e-18,-0.02567372268979007,-0.026459679565414396
HAKKANIPUL,0.0007491257656778424,0.8903131461909386,0.03346620283443624,0.032725563909405064
HEIDELBCEM,-0.0006250180763608923,0.5853558153389825,0.0686572844352995,0.0679436118563227
HFL,-0.0006911980852592138,1.1956056287550554,0.11759946148490419,0.11682813234284561
HILLPLANT,-0.00024131386599206357,-1.938011383317839e-18,-0.02567372268979007,-0.026459679565414396
HIMADRI,-0.00024131386599206357,-1.938011383317839e-18,-0.02567372268979007,-0.026459679565414396
HRTEX,0.0004489966294868338,1.065885403378149,0.06640894167812372,0.06569354623113377
HWAWELLTEX,-8.815990312211084e-05,0.7700319213753745,0.07039010530675827,0.0696621414111489
IBBLPBOND,-0.0002486034393605309,0.048691128934502885,0.0012365458214367298,0.00047120984122317466
IBNSINA,0.000622909224245916,0.5680569127094209,0.03331806949102423,0.032577317053852584
IBP,-0.0016181796196377436,1.9938773474754699,0.14440248043892057,0.14012449284111528
ICB,-0.0010401865336419572,1.0685611962207737,0.04990532159245342,0.049177279693290554
ICB1STNRB,-9.970929611974251e-05,0.18299674112151168,0.003528293619631584,0.0027647137679990275
ICB2NDNRB,-7.073093424362198e-05,0.5449065349963543,0.05480280048405839,0.054078511442283705
ICB3RDNRB,0.0001192268456254851,0.7134068014600623,0.05452925424824817,0.05380475559249964
ICBAGRANI1,-0.0005485445890462716,0.3308401496839686,0.011019301850425434,0.008836121501309413
ICBAMCL1ST,-0.00024131386599206357,-1.938011383317839e-18,-0.02567372268979007,-0.026459679565414396
ICBAMCL2ND,0.000326148083557807,0.619252718889731,0.032562608014654604,0.03182127667979984
ICBEPMF1S1,6.518731189471204e-05,0.6978055337001284,0.04289340312811141,0.04215998811135124
ICBIBANK,-0.00021099508273888934,0.8416523753780379,0.05784731736539339,0.05712536128674617
ICBISLAMIC,-0.00036083692058481136,0.08060186408159768,0.004397780189521638,0.003634866611122778
ICBSONALI1,-0.0001383300172593643,0.6362215438909198,0.03920586314523988,0.03846962242734342
IDLC,6.950866324390444e-05,1.186381183781946,0.17536807313530645,0.17473617127564
IFADAUTOS,0.00017408301600130795,0.8912707407150218,0.06134017236952116,0.060489166179466425
IFIC,-0.0006501263322066985,1.5714618505813134,0.24385265215355534,0.24327322889850056
IFIC1STMF,-0.00031639260006133317,0.8542368370338136,0.08329092755675827,0.08258846849741475
IFILISLMF1,-6.166826658444646e-06,0.6868797826368837,0.06799372916653623,0.06727954811608905
ILFSL,-0.0002784653501026533,1.8559010186678189,0.21704265866215455,0.21644269135078453
IMAMBUTTON,0.001329658510741785,0.7962908493588802,0.01853806512576739,0.017785987014752647
INTECH,0.0008745871035622956,1.0967437361238703,0.05397718284968456,0.053252261150718794
INTRACO,-0.00169568959283231,1.16260727175429,0.06372286139771777,0.06061230611996937
IPDC,0.00042810712474548884,1.032329124716411,0.07706198522998153,0.07635475303475547
ISLAMIBANK,-0.00019214846226250383,1.2691056928461117,0.17293866255906842,0.17230489908210211
ISLAMICFIN,0.00018817389741586601,1.7494971125785677,0.2514224911554953,0.25084886854335386
ISLAMIINS,-5.1804480948733605e-05,1.0813927150304106,0.09259832667134171,0.09190299971859939
ISNLTD,0.000907555972388308,1.0631101123382163,0.04013293075958424,0.03939740043832718
ITC,0.00013237523796484906,1.033782834922174,0.05576730032411592,0.05469186444749197
JAMUNABANK,0.00018465013246205973,1.1575946084029833,0.154290817476472,0.15364276446304392
JAMUNAOIL,-0.0003065107946023823,0.7034041158486669,0.12551303023490856,0.12484292527723417
JANATAINS,-1.2306366058306833e-05,1.1535420518143813,0.07835298200840468,0.07764673908274056
JMISMDL,0.0009045056797271096,0.6823965098230816,0.03350318209810488,0.03276257150967421
JUTESPINN,0.0007389860277944385,0.8277866031024422,0.020653018766435105,0.019902561309551148
KARNAPHULI,-5.2406236412563096e-05,1.0413927406815027,0.09114350861498077,0.09044706685913018
KAY&QUE,0.002228426305443481,0.7593604050142659,0.02116622191724038,0.020416157719475803
KBPPWBIL,-0.0011688502875778937,1.6870045155890119,0.1559568990928547,0.15522675800210461
KDSALTD,-0.00015857501768944544,1.1149873052084487,0.06269524663861348,0.06169492139489807
KEYACOSMET,-0.0010428184523404724,1.196219876616171,0.09822179363143435,0.09753077584877645
KEYADETERG,-0.00024131386599206357,-1.938011383317839e-18,-0.02567372268979007,-0.026459679565414396
KOHINOOR,0.00015184293914291387,0.17820919885108216,0.0026255313130867375,0.001861259689571848
KPCL,0.00018852584047391395,1.211800216960938,0.13292621366585833,0.13226178930851407
KPPL,-0.00042456042335794157,1.2630487027283293,0.07176042425206541,0.07099706933779903
KTL,-9.050475920511479e-05,1.9735021949662257,0.20126028829816023,0.19689559042000815
LAFSURCEML,0.00015814358629140737,1.0027594712552201,0.1108357462940156,0.11015439437546692
LANKABAFIN,-0.0005958507257383987,2.0023429102792485,0.2537844036158319,0.25321259089829606
LEGACYFOOT,0.0014512933621418634,1.0444154850350815,0.03783009736717757,0.037092802422631355
LEXCO,-0.00024131386599206357,-1.938011383317839e-18,-0.02567372268979007,-0.026459679565414396
LHBL,-0.0007450040473554356,1.046681038694769,0.18866808300219606,0.18636969230248557
LIBRAINFU,0.0008071165771844427,0.41076237012962696,0.007355242434753495,0.00659459511094862
LINDEBD,0.00019122914417383683,0.285686681523869,0.016900644445267954,0.016147311605762327
LRGLOBMF1,-2.578831650052168e-05,0.6246859461903722,0.040734615203893876,0.039999545943513626
MAKSONSPIN,-0.0005819003849045535,1.2419186501777795,0.136963148406272,0.1363018174855105
MALEKSPIN,-0.00041352522479022667,0.9630349444131074,0.10057618155255332,0.09988696789857054
MAQENTER,-0.00024131386599206357,-1.938011383317839e-18,-0.02567372268979007,-0.026459679565414396
MAQPAPER,-0.00024131386599206357,-1.938011383317839e-18,-0.02567372268979007,-0.026459679565414396
MARICO,0.0002962125237896977,0.24639461264332957,0.009739726836261897,0.008980906703569325
MATINSPINN,-0.00012120189376512314,0.4511838534723633,0.03087402677274509,0.030128545254877848
MBL1STMF,-0.00013914005258471257,0.5694345468518085,0.03499173045463666,0.034252260516287714
MEGCONMILK,0.000773694338096001,0.7185165226218502,0.017622403486268645,0.016869623718825166
MEGHNACEM,-0.00020334704816678126,1.0962257436078198,0.1152822437472345,0.11460429910642778
MEGHNALIFE,-0.0005462655980894231,1.0764721245775648,0.11882331868109586,0.11814808750767136
MEGHNAPET,0.0008733821195779914,0.5780435303602967,0.010282426493643304,0.009524022222757167
MEGHNASHRM,-0.00024131386599206357,-1.938011383317839e-18,-0.02567372268979007,-0.026459679565414396
MERCANBANK,-7.206928928060044e-05,1.3698471105215924,0.2011695216683721,0.20055739103363512
MERCINS,0.0002227852987998133,1.1053135657920268,0.09505848197331324,0.0943650401970475
METALEXCR,-0.00024131386599206357,-1.938011383317839e-18,-0.02567372268979007,-0.026459679565414396
METROSPIN,-0.0004177298667734539,1.2899255007535069,0.11945580494203845,0.11878105843241549
MHOSSAIN,-0.00024131386599206357,-1.938011383317839e-18,-0.02567372268979007,-0.026459679565414396
MHSML,-0.0006115956284633637,1.1476402412763573,0.08512558382066782,0.08442453062819322
MICEMENT,-0.00030719592536768034,0.733094545062252,0.09874281353713321,0.0980521950034452
MIDASFIN,-5.413547017061987e-05,1.2168272329290275,0.06299768723136967,0.06227967779629784
MIRACLEIND,0.0004331722665518401,0.9251079726243221,0.03890105331633564,0.038164579027689105
MITATEX,-0.00024131386599206357,-1.938011383317839e-18,-0.02567372268979007,-0.026459679565414396
MITHUNKNIT,-0.0012684438526543882,0.9853505519622883,0.06785674735618275,0.06714246133883106
MJLBD,0.0001616095688900047,0.9006588738184219,0.11100364580045119,0.11032242254052815
MLDYEING,0.002188482966283199,1.6772590509721865,0.07240316577650374,0.06824353871720557
MODERNCEM,-0.00024131386599206357,-1.938011383317839e-18,-0.02567372268979007,-0.026459679565414396
MODERNDYE,0.0015629649398684181,0.4601011150101794,0.005837821095714402,0.005076010996937108
MODERNIND,-0.00024131386599206357,-1.938011383317839e-18,-0.02567372268979007,-0.026459679565414396
MONAFOOD,-0.00024131386599206357,-1.938011383317839e-18,-0.02567372268979007,-0.026459679565414396
MONNOCERA,0.0017553186576489072,0.6539042979821484,0.016640860687803682,0.01588732878028476
MONNOFABR,-0.00024131386599206357,-1.938011383317839e-18,-0.02567372268979007,-0.026459679565414396
MONNOJTX,-0.00024131386599206357,-1.938011383317839e-18,-0.02567372268979007,-0.026459679565414396
MONNOSTAF,0.0017846641214408225,0.37428080298941596,0.004750872424162833,0.003988229414526145
MONOSPOOL,-0.00024131386599206357,-1.938011383317839e-18,-0.02567372268979007,-0.026459679565414396
MPETROLEUM,-0.0003278456482365973,0.7460113426942955,0.13326981149163952,0.13260565042764838
MTB,0.0006312480602942196,0.9267519440076568,0.11257779884063368,0.11189778182825094
MTBL,-0.00024131386599206357,-1.938011383317839e-18,-0.02567372268979007,-0.026459679565414396
NAHEEACP,-7.172753136185525e-05,1.3993913530061384,0.12101887500409447,0.11881037971516006
NATLIFEINS,-0.0001126103037791288,0.5546180715663818,0.02535647583248779,0.024609622557263622
NAVANACNG,-0.000146470170524298,1.2132264682794347,0.16214510337800936,0.16150306897446753
NBL,-0.00019635084562610592,1.3361235567416228,0.22252396237439953,0.22192819529575913
NCCBANK,6.991756175492478e-05,1.1063994277665408,0.19165906858162296,0.19103965024337133
NCCBLMF1,-9.137597112434873e-05,0.7573552967883547,0.06014285717031431,0.05942266012600028
NEWLINE,0.0032085390853836774,2.529734263544597,0.22783852834264884,0.21379922885796976
NFML,-0.0008298165337836155,1.6856111848329813,0.1594523116304586,0.15869913269822788
NHFIL,0.0004653844956596474,1.6533441639210127,0.16634929818342348,0.16571048538509658
NILOYCEM,-0.00024131386599206357,-1.938011383317839e-18,-0.02567372268979007,-0.026459679565414396
NITOLINS,-8.768152592082486e-05,0.6402355954840198,0.03285967781357435,0.032118574118412235
NLI1STMF,0.00011793094997047794,0.3596262523070008,0.028685917704599828,0.027941615725829316
NORTHERN,0.0021203861682552254,0.3479706964066382,0.004730291475444459,0.003967632694965806
NORTHRNINS,-0.0003226985686435937,1.2697108980861223,0.12404730901667305,0.12337608090097696
NPOLYMAR,0.0005266898101714179,0.608858749800736,0.0256951485259711,0.0249485547700522
NTC,-0.00016234935499215666,0.2765115460170115,0.008775205936085051,0.008015646706917234
NTLTUBES,-3.4492768539768874e-05,0.9171896117841047,0.05492327358618743,0.05419907686096603
NURANI,-0.0001644164400676831,1.3445766824230567,0.11554358048902036,0.11389654805045246
OAL,-0.0014305043850784864,1.7467012729325568,0.19402340697416387,0.1932246194686874
OCL,-0.00024131386599206357,-1.938011383317839e-18,-0.02567372268979007,-0.026459679565414396
OIMEX,-0.002226982881423604,1.35384902455333,0.11527887133004555,0.11323090575442063
OLYMPIC,-8.524877934953454e-05,0.2745950765281796,0.012899569841543723,0.012143171044487366
OLYMPIC ,-0.0001206673739916085,0.41538117973674427,0.03965691131106275,0.03880855169207953
ONEBANKLTD,-0.00013116732219065706,1.4852967730134679,0.25026474366909346,0.24969023389412726
ORIONINFU,0.000518855290303935,1.1113631871175298,0.0923215374478199,0.09162599839605579
ORIONPHARM,-0.0003602623153797867,1.2066620169091717,0.2232970126957986,0.22270183799288346
PADMACEM,-0.00024131386599206357,-1.938011383317839e-18,-0.02567372268979007,-0.026459679565414396
PADMALIFE,-0.0008588975368372758,0.836256952383026,0.04629761035612989,0.04556680392728396
PADMAOIL,-0.0003722217586152815,0.7468062628774151,0.1255567429382456,0.12488667147689558
PADMAPRINT,-0.00024131386599206357,-1.938011383317839e-18,-0.02567372268979007,-0.026459679565414396
PAPERPROC,-0.00024131386599206357,-1.938011383317839e-18,-0.02567372268979007,-0.026459679565414396
PARAMOUNT,0.000168078949085991,1.0469081006901313,0.07737056602243819,0.07666357028758941
PDL,-0.0005467536427182837,1.3199615218404768,0.11102598469684721,0.10958049849310214
PENINSULA,-6.822046675110977e-05,1.406532124258206,0.11437470228829927,0.11366902476024221
PEOPLESINS,-0.0002296867332174682,1.0657371950447725,0.09412401295519401,0.09342985511071522
PERFUMCHM,-0.00024131386599206357,-1.938011383317839e-18,-0.02567372268979007,-0.026459679565414396
PETROSYNTH,-0.00024131386599206357,-1.938011383317839e-18,-0.02567372268979007,-0.026459679565414396
PF1STMF,0.0003368724799490119,0.8431520945279296,0.05535311568751233,0.05462924834321148
PHARMACO,-0.00024131386599206357,-1.938011383317839e-18,-0.02567372268979007,-0.026459679565414396
PHARMAID,0.0009571563799218405,0.4911216815928636,0.018287779503131874,0.017535509602367938
PHENIXINS,-0.000239460106224652,1.0706731885137324,0.09405819314578512,0.09336398486467068
PHENIXLETH,-0.00024131386599206357,-1.938011383317839e-18,-0.02567372268979007,-0.026459679565414396
PHOENIXFIN,5.658392527874975e-05,1.3159007040510657,0.1643125391098511,0.1636721655766019
PHPMF1,-0.00019373860177356,0.8480343277065929,0.07497295845765295,0.0742641254756281
PIONEERINS,-0.0002951870107920696,0.9594514010616954,0.09077879520498877,0.0900820739752608
PLFSL,-0.0012174305727276704,1.6013585108098871,0.1695379901881905,0.16890162083201277
POPULAR1MF,-0.0002708357264110689,0.7922114404263958,0.07230960222089244,0.0715987283528624
POPULARLIF,-0.00045916454001103613,0.8554537181649267,0.04714704148390392,0.04641688596013671
POWERGRID,0.00016963141312399883,0.9566782918088458,0.1162626685232534,0.11558547516579987
PRAGATIINS,-0.00010968870072637986,1.0172304911321448,0.07781575402231156,0.07710909942769262
PRAGATILIF,-2.6091111669135864e-05,0.6941685481575063,0.027845850388898308,0.027100904680383953
PREMIERBAN,0.00018421899634709434,1.4856023681111445,0.2295314692378726,0.22894107189629243
PREMIERCEM,-0.00014286530811104988,0.78211316858678,0.05592861511000935,0.05520518876143454
PREMIERLEA,4.5323064038376394e-05,1.4233804626814421,0.12785027612960087,0.12718196216494915
PRIME1ICBA,0.0001583008265316764,0.7512194746234452,0.0571292074389651,0.05640670108451218
PRIMEBANK,-9.879261814307298e-05,1.1828126960581624,0.17572273401386573,0.1750911039249874
PRIMEFIN,-0.0006298024890689343,1.367359068303609,0.16305779956735322,0.16241646454786451
PRIMEINSUR,7.254744877124687e-05,0.9211492086802183,0.053721095713780476,0.05299597777946152
PRIMELIFE,-0.000314762695966485,1.0411033904754048,0.06658357677349303,0.06586831514649949
PRIMETEX,0.0003080449452673536,1.2325862477913287,0.09438435235741405,0.09369039400673007
PROGRESLIF,-3.281336934353472e-05,0.5005098270180608,0.011895924258424118,0.011138756384292625
PROVATIINS,0.00010334505497738973,1.0771846263139742,0.07184434379061211,0.07113311340271211
PTL,0.00041082998013940576,1.1355981265040938,0.09627928139267994,0.09558677509489655
PUBALIBANK,-0.00013497031925029386,0.926052333606986,0.12926888938915215,0.12860166248446947
PURABIGEN,-2.3879582298883048e-05,1.2294804145238853,0.11484905253754629,0.11417077594945246
QSMDRYCELL,0.0004535796198335846,0.8467482622810554,0.062226391047831675,0.061507790581201593
QSMSILK,-0.00024131386599206357,-1.938011383317839e-18,-0.02567372268979007,-0.026459679565414396
QSMTEX,-0.00024131386599206357,-1.938011383317839e-18,-0.02567372268979007,-0.026459679565414396
QUASEMIND,-0.0012597997459931104,1.6486146863510251,0.21162649959391566,0.2093931469015472
QUEENSOUTH,0.0005769085039406462,1.0755932645361985,0.046234875993683144,0.04346230295878106
RAHIMAFOOD,0.0013144483373287298,0.6539344222992844,0.01906327668648844,0.018311601036439695
RAHIMTEXT,0.00015127918663950275,0.2843731664772571,0.005066440876625111,0.004304039681894523
RAHMANCHEM,-0.00024131386599206357,-1.938011383317839e-18,-0.02567372268979007,-0.026459679565414396
RAKCERAMIC,-0.00022577426449737722,1.0967130789921278,0.14753065180415914,0.14687741858715075
RANFOUNDRY,0.00021968650449119496,0.5439400403298994,0.031691098031453646,0.030949098872857017
RANGAFOOD,-0.00024131386599206357,-1.938011383317839e-18,-0.02567372268979007,-0.026459679565414396
RASPIT,-0.00024131386599206357,-1.938011383317839e-18,-0.02567372268979007,-0.026459679565414396
RASPITDATA,-0.00024131386599206357,-1.938011383317839e-18,-0.02567372268979007,-0.026459679565414396
RDFOOD,-5.492741987622443e-05,1.4156812626656732,0.12542479879759538,0.12475462622962419
RECKITTBEN,0.000770159058703685,0.16439353291506012,0.0028064795240190232,0.0020423465581369538
REGENTTEX,-0.00031075565031100894,1.5842290601485258,0.10808116065412632,0.10708571552092783
RELIANCE1,7.642010178608827e-05,0.6688789448685164,0.06147411804207392,0.0607549411210333
RELIANCINS,-0.00017894235633201307,0.4006720338432781,0.012978227398453557,0.012221888875387221
RENATA,3.9455585458214034e-05,0.37076000386664787,0.03309131669026677,0.03235039049615962
RENWICKJA,0.0012686322107878982,0.5371602851894999,0.015530422963781265,0.014776040146128988
REPUBLIC,-0.0001568649329241984,1.2244026996534794,0.08773685047213098,0.08703779825027047
RNSPIN,-0.0010326656829369595,1.3249325244161725,0.10864380839866083,0.10796077683421534
ROSEHEAVEN,-0.00024131386599206357,-1.938011383317839e-18,-0.02567372268979007,-0.026459679565414396
RSRMSTEEL,-0.00024817391186375076,1.335086099169275,0.1425710873879672,0.141851163867722
RUNNERAUTO,0.00039916808144282805,1.8856136443286775,0.11874249263827252,0.10380592471688732
RUPALIBANK,-0.0002466181781944052,1.4736707980923878,0.13665454233160945,0.1359929749310972
RUPALIINS,-0.0001482015893387985,1.2514150904196983,0.12759123155333996,0.1269227190870973
RUPALILIFE,-0.00039244150186703187,1.0267340535308496,0.06757130296913738,0.06685679822045465
SAFKOSPINN,-1.0217402609972329e-05,1.2432175788157904,0.08838882106995505,0.08769026844242245
SAIFPOWER,-0.0007722254850137984,1.0365962557992852,0.0634631577087138,0.06267349763932817
SAIHAMCOT,0.00026860985567081394,1.1950736218989175,0.11444151394427315,0.11376292506606944
SAIHAMTEX,0.0004666669129784401,0.9375376696979788,0.06190502619212401,0.06118617946889959
SAJIBKNIT,-0.00024131386599206357,-1.938011383317839e-18,-0.02567372268979007,-0.026459679565414396
SALAMCRST,-9.855546330891365e-05,1.316353918898912,0.16680722226265488,0.16616876036400552
SALEHCARPT,-0.00024131386599206357,-1.938011383317839e-18,-0.02567372268979007,-0.026459679565414396
SALVOCHEM,-6.080370516032475e-06,1.4916185331246203,0.15392991132174016,0.15328158175187168
SAMATALETH,0.0011271530108489705,0.6683386781712717,0.013707920032067555,0.012952140660444589
SAMORITA,-0.0002645214780229376,0.7875600531588701,0.07311980606960644,0.07240955304743746
SANDHANINS,-0.0008573774668226921,0.8897896254325284,0.0725476208977549,0.07183692941951558
SAPORTL,0.00018062527673261286,1.4423932506839887,0.15341993177480873,0.15277121141601546
SAVAREFR,0.001064840729557886,0.579745418201072,0.008665134911239214,0.007905491336458459
SEAPEARL,-0.008663857436031569,0.4874218527108441,0.00903147533866,-0.03060726564779359
SEBL1STMF,0.00010503074513681491,0.34282447666340954,0.026906453313384482,0.0261607877603679
SEMLFBSLGF,0.006611820979322537,-0.35309612500809506,0.0019393905635204378,-0.007133887704083852
SEMLIBBLSF,-4.921372326220565e-05,0.4114282328938458,0.006807071460814718,0.005184207198495772
SEMLLECMF,-0.00047617100877519504,0.6275433314089713,0.01850141572819175,0.017378419636347564
SHAHJABANK,0.0004018153841354219,1.1173123872417705,0.1598334520551975,0.1591896462713317
SHASHADNIM,0.00029762431440712406,1.1200587317959605,0.092835586434038,0.09199794616297063
SHEPHERD,-0.00017074192314537042,0.9801080673488605,0.06782305145686363,0.0662563675097323
SHINEPUKUR,-0.00024131386599206357,-1.938011383317839e-18,-0.02567372268979007,-0.026459679565414396
SHURWID,5.786793906748939e-06,1.3385230330069238,0.07531136141424721,0.07454142915897177
SHYAMPSUG,0.0013690473685867303,0.5387241844719909,0.007926446709163093,0.007166237089783145
SIBL,7.228866584973221e-05,0.9490928081055388,0.11343412691991106,0.11275476609762747
SILCOPHL,0.008576924837912293,0.8756073848512714,0.03866135677037674,0.018207343084640115
SILVAPHL,-0.00033618012727616497,1.7624984515660493,0.14321081701285354,0.13905164622165378
SIMTEX,-7.580471522019845e-05,1.1640139494671329,0.08879750313140267,0.08779728085163463
SINGERBD,5.325373059962293e-05,0.7516272856677803,0.0620996421022042,0.06138094450994536
SINOBANGLA,0.0011193071924456017,1.0059613545039514,0.05482246149818981,0.05409818752232631
SKTRIMS,0.0012572268893805084,1.3677106120746987,0.06598340685076065,0.06244546521004368
SOCIALINV,-0.00024131386599206357,-1.938011383317839e-18,-0.02567372268979007,-0.026459679565414396
SONALIANSH,0.0011520070762984418,0.816194369284028,0.034065709473175665,0.03332552994020488
SONALIPAPR,-0.00024131386599206357,-1.938011383317839e-18,-0.02567372268979007,-0.026459679565414396
SONARBAINS,0.00040530884623625967,0.9950466987740951,0.05691040029564942,0.05618772627288737
SONARGAON,0.0010140499592074263,0.9695909803062345,0.03498378067968988,0.0342443046495593
SOUTHEASTB,-0.00017428299046630877,1.1615386957174851,0.22567655115874585,0.2250831998569518
SPCERAMICS,0.00018063099039362628,1.4394844778228204,0.11759346421241623,0.11691729062177436
SPCL,0.0009370426515094598,1.1085341194156977,0.06147894211044136,0.06071839019967196
SPPCL,-0.0003629628500120367,0.7406101518654291,0.12099232153752859,0.12031875243525847
SQUARETEXT,-0.0008041038182525318,0.5414123321362763,0.08732945930275837,0.08663009490375662
SQURPHARMA,-0.00016184197345611522,0.5751397499400859,0.12809658822912817,0.12742846300938038
SREEPURTEX,-0.00024131386599206357,-1.938011383317839e-18,-0.02567372268979007,-0.026459679565414396
SSSTEEL,-0.0008443418429638857,1.8447783830308753,0.16666320520977518,0.16071079953270218
STANCERAM,0.0020022458799522796,0.5055680203684635,0.01138637913699192,0.010628820806828698
STANDARINS,2.8733134825636818e-05,0.5855243224935017,0.01720759250645376,0.01645449487619044
STANDBANKL,-0.00020260389654619962,1.3343572015697565,0.22947870554828997,0.22888826777476368
STYLECRAFT,0.000637531610845412,0.3102764902245516,0.0028579670406508884,0.002093873528804635
SUMITPOWER,0.0001216087937394389,1.144870639395447,0.1839409757186684,0.18331564313301218
SUNLIFEINS,-0.0008102378714372971,1.0348719297393427,0.07075011309073509,0.07003804421187731
TAKAFULINS,4.264594183971933e-05,1.1240178847002082,0.08763709975717793,0.08693797109798795
TALLUSPIN,-0.0012111951551511792,0.9151546175298414,0.047848672470161335,0.04711905459465948
TAMIJTEX,-0.00024131386599206357,-1.938011383317839e-18,-0.02567372268979007,-0.026459679565414396
TBL,-0.00024131386599206357,-1.938011383317839e-18,-0.02567372268979007,-0.026459679565414396
TITASGAS,-0.0005949910594938501,0.8202073485636387,0.14117397925430675,0.1405158750238502
TOSRIFA,-0.00044608204629819405,1.3004948205317277,0.08984669814110258,0.0889499953806504
TRIPTI,-0.00024131386599206357,-1.938011383317839e-18,-0.02567372268979007,-0.026459679565414396
TRUSTB1MF,-0.0003732957752431488,0.9299361409755933,0.09692912731631531,0.09623711898475684
TRUSTBANK,0.0005874677321496388,1.3232376773949992,0.1913223474676906,0.1907026711055968
TULIPDAIRY,-0.00024131386599206357,-1.938011383317839e-18,-0.02567372268979007,-0.026459679565414396
TUNGHAI,-0.0015025835263061513,1.2658076811664096,0.09957255862497005,0.09882593553925278
UCB,-0.00034889364440724596,1.1937179491557373,0.20289430602286118,0.20201157546474702
UCBL,-0.00016017440659360204,0.49888563942014924,0.09135027649437055,0.09065399318133938
ULC,-3.7711070795331916e-05,0.1778151460813918,0.03467907825746719,0.033939368738890474
UNIONCAP,-0.0006097785609303657,1.7926768850541486,0.22667291205778262,0.22608032425093028
UNIQUEHRL,-0.00024988006715255355,0.9996822777575343,0.13561354692456518,0.13495118182642307
UNITEDAIR,-0.0011183474529959901,1.423200390461024,0.10944341587826933,0.10876099703986186
UNITEDFIN,-0.00027391143855687387,1.5799233435598081,0.2269134235233291,0.2262262354553498
UNITEDINS,0.0006983587176161959,1.0721278499987739,0.05352210217121667,0.05279683175142447
UPGDCL,0.0010962680175381485,0.7106594533176709,0.040975704333024776,0.04007436570927758
USMANIAGL,-0.00037340566089559183,0.922360924443469,0.06669664422864052,0.06598146924337511
UTTARABANK,5.563379639860237e-05,1.402281456510129,0.24080114224289118,0.24021938066606574
UTTARAFIN,-0.00015649198314690203,0.965940697526474,0.16903432389546225,0.1683975685881024
VAMLBDMF1,-0.0007091713322641404,0.410185634738556,0.010442859557178386,0.009309346223337789
VAMLRBBF,-0.0006616287687247447,0.2430664662108831,0.005442420425785688,0.003933228347524409
VFSTDL,0.0010134300617810192,1.138816773653674,0.04580452866970919,0.04163773621848532
WATACHEM,0.005269005948513076,0.5884716986079406,0.0003930475709837955,-0.0003729347680423434
WMSHIPYARD,-0.0007946623708963839,1.26374991911633,0.09952461979198435,0.09875300421339994
WONDERTOYS,-0.00024131386599206357,-1.938011383317839e-18,-0.02567372268979007,-0.026459679565414396
YPL,-0.0012826133623747304,1.5706384909458773,0.15148533698563893,0.15029024591097084
ZAHEENSPIN,-0.0007065306845050787,1.283056400563058,0.09906436487061565,0.09822236894993397
ZAHINTEX,-0.0007041315195182112,1.2749669648074016,0.1332192209934533,0.13255502116279694
ZEALBANGLA,0.0013824010798559742,0.19799415652927546,0.001148584473537495,0.0003831810899922461
